iso_issued,issued,iso_expired,expired,eventid,phenomena,significance,hvtec_nwsli,wfo,ugc,name,ph_name,sig_name,url
2014-01-07T05:00:00Z,2014-01-07 05:00,2014-01-07T15:46:00Z,2014-01-07 15:46,1,WC,Y,,RAH,NCZ025,Wind Chill Advisory,Wind Chill,Advisory,/vtec/#2014-O-NEW-KRAH-WC-Y-0001
2014-01-15T06:46:00Z,2014-01-15 06:46,2014-01-15T14:57:00Z,2014-01-15 14:57,1,FG,Y,,RAH,NCZ025,Dense Fog Advisory,Dense Fog,Advisory,/vtec/#2014-O-NEW-KRAH-FG-Y-0001
2014-01-21T21:00:00Z,2014-01-21 21:00,2014-01-22T14:00:00Z,2014-01-22 14:00,1,WW,Y,,RAH,NCZ025,Winter Weather Advisory,Winter Weather,Advisory,/vtec/#2014-O-NEW-KRAH-WW-Y-0001
2014-01-24T05:00:00Z,2014-01-24 05:00,2014-01-24T14:00:00Z,2014-01-24 14:00,2,WC,Y,,RAH,NCZ025,Wind Chill Advisory,Wind Chill,Advisory,/vtec/#2014-O-NEW-KRAH-WC-Y-0002
2014-01-25T16:00:00Z,2014-01-25 16:00,2014-01-25T09:11:00Z,2014-01-25 09:11,1,FW,A,,RAH,NCZ025,Fire Weather Watch,Red Flag,Watch,/vtec/#2014-O-NEW-KRAH-FW-A-0001
2014-01-25T16:00:00Z,2014-01-25 16:00,2014-01-25T22:20:00Z,2014-01-25 22:20,1,FW,W,,RAH,NCZ025,Red Flag Warning,Red Flag,Warning,/vtec/#2014-O-NEW-KRAH-FW-W-0001
2014-01-28T17:00:00Z,2014-01-28 17:00,2014-01-29T11:33:00Z,2014-01-29 11:33,1,WS,W,,RAH,NCZ025,Winter Storm Warning,Winter Storm,Warning,/vtec/#2014-O-NEW-KRAH-WS-W-0001
2014-01-29T11:33:00Z,2014-01-29 11:33,2014-01-30T17:00:00Z,2014-01-30 17:00,2,WW,Y,,RAH,NCZ025,Winter Weather Advisory,Winter Weather,Advisory,/vtec/#2014-O-NEW-KRAH-WW-Y-0002
2014-02-12T05:00:00Z,2014-02-12 05:00,2014-02-11T12:13:00Z,2014-02-11 12:13,2,WS,A,,RAH,NCZ025,Winter Storm Watch,Winter Storm,Watch,/vtec/#2014-O-NEW-KRAH-WS-A-0002
2014-02-12T14:00:00Z,2014-02-12 14:00,2014-02-13T23:00:00Z,2014-02-13 23:00,3,WS,W,,RAH,NCZ025,Winter Storm Warning,Winter Storm,Warning,/vtec/#2014-O-NEW-KRAH-WS-W-0003
2014-02-13T23:07:00Z,2014-02-13 23:07,2014-02-14T15:00:00Z,2014-02-14 15:00,4,WW,Y,,RAH,NCZ025,Winter Weather Advisory,Winter Weather,Advisory,/vtec/#2014-O-NEW-KRAH-WW-Y-0004
2014-03-03T17:00:00Z,2014-03-03 17:00,2014-03-04T17:00:00Z,2014-03-04 17:00,5,WW,Y,,RAH,NCZ025,Winter Weather Advisory,Winter Weather,Advisory,/vtec/#2014-O-NEW-KRAH-WW-Y-0005
2014-03-07T02:00:00Z,2014-03-07 02:00,2014-03-07T19:45:00Z,2014-03-07 19:45,6,WW,Y,,RAH,NCZ025,Winter Weather Advisory,Winter Weather,Advisory,/vtec/#2014-O-NEW-KRAH-WW-Y-0006
2014-03-07T09:21:00Z,2014-03-07 09:21,2014-03-07T17:44:00Z,2014-03-07 17:44,1,WI,Y,,RAH,NCZ025,Wind Advisory,Wind,Advisory,/vtec/#2014-O-NEW-KRAH-WI-Y-0001
2014-03-08T02:00:00Z,2014-03-08 02:00,2014-03-08T14:00:00Z,2014-03-08 14:00,7,WW,Y,,RAH,NCZ025,Winter Weather Advisory,Winter Weather,Advisory,/vtec/#2014-O-NEW-KRAH-WW-Y-0007
2014-03-12T19:00:00Z,2014-03-12 19:00,2014-03-13T04:26:00Z,2014-03-13 04:26,2,WI,Y,,RAH,NCZ025,Wind Advisory,Wind,Advisory,/vtec/#2014-O-NEW-KRAH-WI-Y-0002
2014-03-13T15:00:00Z,2014-03-13 15:00,2014-03-13T07:36:00Z,2014-03-13 07:36,2,FW,A,,RAH,NCZ025,Fire Weather Watch,Red Flag,Watch,/vtec/#2014-O-NEW-KRAH-FW-A-0002
2014-03-13T15:00:00Z,2014-03-13 15:00,2014-03-13T22:00:00Z,2014-03-13 22:00,2,FW,W,,RAH,NCZ025,Red Flag Warning,Red Flag,Warning,/vtec/#2014-O-NEW-KRAH-FW-W-0002
2014-03-14T15:00:00Z,2014-03-14 15:00,2014-03-14T07:33:00Z,2014-03-14 07:33,3,FW,A,,RAH,NCZ025,Fire Weather Watch,Red Flag,Watch,/vtec/#2014-O-NEW-KRAH-FW-A-0003
2014-03-17T15:30:00Z,2014-03-17 15:30,2014-03-18T16:00:00Z,2014-03-18 16:00,8,WW,Y,,RAH,NCZ025,Winter Weather Advisory,Winter Weather,Advisory,/vtec/#2014-O-NEW-KRAH-WW-Y-0008
2014-03-29T07:17:00Z,2014-03-29 07:17,2014-03-29T14:00:00Z,2014-03-29 14:00,4,FG,Y,,RAH,NCZ025,Dense Fog Advisory,Dense Fog,Advisory,/vtec/#2014-O-NEW-KRAH-FG-Y-0004
2014-04-16T07:00:00Z,2014-04-16 07:00,2014-04-16T13:00:00Z,2014-04-16 13:00,1,FZ,W,,RAH,NCZ025,Freeze Warning,Freeze,Warning,/vtec/#2014-O-NEW-KRAH-FZ-W-0001
2014-04-16T07:00:00Z,2014-04-16 07:00,2014-04-15T08:00:00Z,2014-04-15 08:00,1,FZ,A,,RAH,NCZ025,Freeze Watch,Freeze,Watch,/vtec/#2014-O-NEW-KRAH-FZ-A-0001
2014-04-17T04:00:00Z,2014-04-17 04:00,2014-04-17T12:48:00Z,2014-04-17 12:48,2,FZ,W,,RAH,NCZ025,Freeze Warning,Freeze,Warning,/vtec/#2014-O-NEW-KRAH-FZ-W-0002
2014-04-17T07:00:00Z,2014-04-17 07:00,2014-04-16T08:14:00Z,2014-04-16 08:14,2,FZ,A,,RAH,NCZ025,Freeze Watch,Freeze,Watch,/vtec/#2014-O-NEW-KRAH-FZ-A-0002
2014-04-29T22:00:00Z,2014-04-29 22:00,2014-04-30T22:17:00Z,2014-04-30 22:17,1,FF,A,00000,RAH,NCZ025,Flash Flood Watch,Flash Flood,Watch,/vtec/#2014-O-NEW-KRAH-FF-A-0001
2014-05-16T02:19:00Z,2014-05-16 02:19,2014-05-16T07:33:00Z,2014-05-16 07:33,2,FF,A,00000,RAH,NCZ025,Flash Flood Watch,Flash Flood,Watch,/vtec/#2014-O-NEW-KRAH-FF-A-0002
2014-07-23T09:35:00Z,2014-07-23 09:35,2014-07-23T12:59:00Z,2014-07-23 12:59,5,FG,Y,,RAH,NCZ025,Dense Fog Advisory,Dense Fog,Advisory,/vtec/#2014-O-NEW-KRAH-FG-Y-0005
2014-08-03T10:16:00Z,2014-08-03 10:16,2014-08-03T13:00:00Z,2014-08-03 13:00,6,FG,Y,,RAH,NCZ025,Dense Fog Advisory,Dense Fog,Advisory,/vtec/#2014-O-NEW-KRAH-FG-Y-0006
2014-08-04T07:47:00Z,2014-08-04 07:47,2014-08-04T13:02:00Z,2014-08-04 13:02,7,FG,Y,,RAH,NCZ025,Dense Fog Advisory,Dense Fog,Advisory,/vtec/#2014-O-NEW-KRAH-FG-Y-0007
2014-09-08T14:00:00Z,2014-09-08 14:00,2014-09-09T01:56:00Z,2014-09-09 01:56,4,FF,A,00000,RAH,NCZ025,Flash Flood Watch,Flash Flood,Watch,/vtec/#2014-O-NEW-KRAH-FF-A-0004
2014-09-30T08:00:00Z,2014-09-30 08:00,2014-09-30T13:31:00Z,2014-09-30 13:31,8,FG,Y,,RAH,NCZ025,Dense Fog Advisory,Dense Fog,Advisory,/vtec/#2014-O-NEW-KRAH-FG-Y-0008
2014-10-01T07:36:00Z,2014-10-01 07:36,2014-10-01T14:01:00Z,2014-10-01 14:01,9,FG,Y,,RAH,NCZ025,Dense Fog Advisory,Dense Fog,Advisory,/vtec/#2014-O-NEW-KRAH-FG-Y-0009
2014-11-03T06:00:00Z,2014-11-03 06:00,2014-11-03T13:00:00Z,2014-11-03 13:00,3,FZ,W,,RAH,NCZ025,Freeze Warning,Freeze,Warning,/vtec/#2014-O-NEW-KRAH-FZ-W-0003
2014-11-03T06:00:00Z,2014-11-03 06:00,2014-11-02T08:14:00Z,2014-11-02 08:14,3,FZ,A,,RAH,NCZ025,Freeze Watch,Freeze,Watch,/vtec/#2014-O-NEW-KRAH-FZ-A-0003
2014-11-12T04:17:00Z,2014-11-12 04:17,2014-11-12T13:00:00Z,2014-11-12 13:00,10,FG,Y,,RAH,NCZ025,Dense Fog Advisory,Dense Fog,Advisory,/vtec/#2014-O-NEW-KRAH-FG-Y-0010
2014-11-17T11:09:00Z,2014-11-17 11:09,2014-11-17T14:00:00Z,2014-11-17 14:00,11,FG,Y,,RAH,NCZ025,Dense Fog Advisory,Dense Fog,Advisory,/vtec/#2014-O-NEW-KRAH-FG-Y-0011
2015-01-04T02:32:00Z,2015-01-04 02:32,2015-01-04T11:06:00Z,2015-01-04 11:06,1,FG,Y,,RAH,NCZ025,Dense Fog Advisory,Dense Fog,Advisory,/vtec/#2015-O-NEW-KRAH-FG-Y-0001
2015-01-08T05:00:00Z,2015-01-08 05:00,2015-01-08T15:00:00Z,2015-01-08 15:00,1,WC,Y,,RAH,NCZ025,Wind Chill Advisory,Wind Chill,Advisory,/vtec/#2015-O-NEW-KRAH-WC-Y-0001
2015-01-14T00:00:00Z,2015-01-14 00:00,2015-01-13T20:14:00Z,2015-01-13 20:14,1,WS,A,,RAH,NCZ025,Winter Storm Watch,Winter Storm,Watch,/vtec/#2015-O-NEW-KRAH-WS-A-0001
2015-01-14T00:00:00Z,2015-01-14 00:00,2015-01-14T17:00:00Z,2015-01-14 17:00,2,WW,Y,,RAH,NCZ025,Winter Weather Advisory,Winter Weather,Advisory,/vtec/#2015-O-NEW-KRAH-WW-Y-0002
2015-01-15T10:29:00Z,2015-01-15 10:29,2015-01-15T15:00:00Z,2015-01-15 15:00,3,FG,Y,,RAH,NCZ025,Dense Fog Advisory,Dense Fog,Advisory,/vtec/#2015-O-NEW-KRAH-FG-Y-0003
2015-02-02T17:00:00Z,2015-02-02 17:00,2015-02-03T00:00:00Z,2015-02-03 00:00,1,WI,Y,,RAH,NCZ025,Wind Advisory,Wind,Advisory,/vtec/#2015-O-NEW-KRAH-WI-Y-0001
2015-02-14T17:00:00Z,2015-02-14 17:00,2015-02-14T23:00:00Z,2015-02-14 23:00,1,FW,W,,RAH,NCZ025,Red Flag Warning,Red Flag,Warning,/vtec/#2015-O-NEW-KRAH-FW-W-0001
2015-02-15T00:00:00Z,2015-02-15 00:00,2015-02-15T11:00:00Z,2015-02-15 11:00,2,WI,Y,,RAH,NCZ025,Wind Advisory,Wind,Advisory,/vtec/#2015-O-NEW-KRAH-WI-Y-0002
2015-02-15T09:00:00Z,2015-02-15 09:00,2015-02-15T14:00:00Z,2015-02-15 14:00,2,WC,Y,,RAH,NCZ025,Wind Chill Advisory,Wind Chill,Advisory,/vtec/#2015-O-NEW-KRAH-WC-Y-0002
2015-02-16T21:00:00Z,2015-02-16 21:00,2015-02-17T14:00:00Z,2015-02-17 14:00,1,WS,W,,RAH,NCZ025,Winter Storm Warning,Winter Storm,Warning,/vtec/#2015-O-NEW-KRAH-WS-W-0001
2015-02-17T22:00:00Z,2015-02-17 22:00,2015-02-18T15:00:00Z,2015-02-18 15:00,4,WW,Y,,RAH,NCZ025,Winter Weather Advisory,Winter Weather,Advisory,/vtec/#2015-O-NEW-KRAH-WW-Y-0004
2015-02-18T21:06:00Z,2015-02-18 21:06,2015-02-19T14:00:00Z,2015-02-19 14:00,5,WW,Y,,RAH,NCZ025,Winter Weather Advisory,Winter Weather,Advisory,/vtec/#2015-O-NEW-KRAH-WW-Y-0005
2015-02-19T05:00:00Z,2015-02-19 05:00,2015-02-20T14:00:00Z,2015-02-20 14:00,3,WC,Y,,RAH,NCZ025,Wind Chill Advisory,Wind Chill,Advisory,/vtec/#2015-O-NEW-KRAH-WC-Y-0003
2015-02-24T09:22:00Z,2015-02-24 09:22,2015-02-25T16:42:00Z,2015-02-25 16:42,6,WW,Y,,RAH,NCZ025,Winter Weather Advisory,Winter Weather,Advisory,/vtec/#2015-O-NEW-KRAH-WW-Y-0006
2015-02-25T23:00:00Z,2015-02-25 23:00,2015-02-26T17:01:00Z,2015-02-26 17:01,3,WS,W,,RAH,NCZ025,Winter Storm Warning,Winter Storm,Warning,/vtec/#2015-O-NEW-KRAH-WS-W-0003
2015-02-25T23:00:00Z,2015-02-25 23:00,2015-02-25T09:28:00Z,2015-02-25 09:28,4,WS,A,,RAH,NCZ025,Winter Storm Watch,Winter Storm,Watch,/vtec/#2015-O-NEW-KRAH-WS-A-0004
2015-02-27T02:00:00Z,2015-02-27 02:00,2015-02-27T15:00:00Z,2015-02-27 15:00,9,WW,Y,,RAH,NCZ025,Winter Weather Advisory,Winter Weather,Advisory,/vtec/#2015-O-NEW-KRAH-WW-Y-0009
2015-02-28T02:00:00Z,2015-02-28 02:00,2015-02-28T15:00:00Z,2015-02-28 15:00,10,WW,Y,,RAH,NCZ025,Winter Weather Advisory,Winter Weather,Advisory,/vtec/#2015-O-NEW-KRAH-WW-Y-0010
2015-03-01T09:00:00Z,2015-03-01 09:00,2015-03-01T17:00:00Z,2015-03-01 17:00,11,WW,Y,,RAH,NCZ025,Winter Weather Advisory,Winter Weather,Advisory,/vtec/#2015-O-NEW-KRAH-WW-Y-0011
2015-03-02T08:00:00Z,2015-03-02 08:00,2015-03-02T14:00:00Z,2015-03-02 14:00,4,FG,Y,,RAH,NCZ025,Dense Fog Advisory,Dense Fog,Advisory,/vtec/#2015-O-NEW-KRAH-FG-Y-0004
2015-03-04T09:27:00Z,2015-03-04 09:27,2015-03-04T16:02:00Z,2015-03-04 16:02,5,FG,Y,,RAH,NCZ025,Dense Fog Advisory,Dense Fog,Advisory,/vtec/#2015-O-NEW-KRAH-FG-Y-0005
2015-03-05T20:00:00Z,2015-03-05 20:00,2015-03-06T13:26:00Z,2015-03-06 13:26,12,WW,Y,,RAH,NCZ025,Winter Weather Advisory,Winter Weather,Advisory,/vtec/#2015-O-NEW-KRAH-WW-Y-0012
2015-04-04T14:00:00Z,2015-04-04 14:00,2015-04-04T10:32:00Z,2015-04-04 10:32,2,FW,A,,RAH,NCZ025,Fire Weather Watch,Red Flag,Watch,/vtec/#2015-O-NEW-KRAH-FW-A-0002
2015-04-05T06:00:00Z,2015-04-05 06:00,2015-04-05T12:00:00Z,2015-04-05 12:00,2,FZ,W,,RAH,NCZ025,Freeze Warning,Freeze,Warning,/vtec/#2015-O-NEW-KRAH-FZ-W-0002
2015-06-15T16:00:00Z,2015-06-15 16:00,2015-06-15T23:00:00Z,2015-06-15 23:00,1,HT,Y,,RAH,NCZ025,Heat Advisory,Heat,Advisory,/vtec/#2015-O-NEW-KRAH-HT-Y-0001
2015-06-16T16:00:00Z,2015-06-16 16:00,2015-06-16T23:00:00Z,2015-06-16 23:00,2,HT,Y,,RAH,NCZ025,Heat Advisory,Heat,Advisory,/vtec/#2015-O-NEW-KRAH-HT-Y-0002
2015-06-27T06:07:00Z,2015-06-27 06:07,2015-06-28T02:10:00Z,2015-06-28 02:10,1,FF,A,00000,RAH,NCZ025,Flash Flood Watch,Flash Flood,Watch,/vtec/#2015-O-NEW-KRAH-FF-A-0001
2015-09-08T09:20:00Z,2015-09-08 09:20,2015-09-08T13:20:00Z,2015-09-08 13:20,8,FG,Y,,RAH,NCZ025,Dense Fog Advisory,Dense Fog,Advisory,/vtec/#2015-O-NEW-KRAH-FG-Y-0008
2015-10-02T00:00:00Z,2015-10-02 00:00,2015-10-03T19:31:00Z,2015-10-03 19:31,2,FF,A,00000,RAH,NCZ025,Flash Flood Watch,Flash Flood,Watch,/vtec/#2015-O-NEW-KRAH-FF-A-0002
2015-10-02T11:10:00Z,2015-10-02 11:10,2015-10-05T19:41:00Z,2015-10-05 19:41,3,WI,Y,,RAH,NCZ025,Wind Advisory,Wind,Advisory,/vtec/#2015-O-NEW-KRAH-WI-Y-0003
2015-10-18T08:00:00Z,2015-10-18 08:00,2015-10-18T13:00:00Z,2015-10-18 13:00,3,FR,Y,,RAH,NCZ025,Frost Advisory,Frost,Advisory,/vtec/#2015-O-NEW-KRAH-FR-Y-0003
2015-10-19T07:00:00Z,2015-10-19 07:00,2015-10-19T13:00:00Z,2015-10-19 13:00,3,FZ,W,,RAH,NCZ025,Freeze Warning,Freeze,Warning,/vtec/#2015-O-NEW-KRAH-FZ-W-0003
2015-10-19T08:00:00Z,2015-10-19 08:00,2015-10-18T19:06:00Z,2015-10-18 19:06,2,FZ,A,,RAH,NCZ025,Freeze Watch,Freeze,Watch,/vtec/#2015-O-NEW-KRAH-FZ-A-0002
2015-11-02T15:41:00Z,2015-11-02 15:41,2015-11-03T03:16:00Z,2015-11-03 03:16,3,FF,A,00000,RAH,NCZ025,Flash Flood Watch,Flash Flood,Watch,/vtec/#2015-O-NEW-KRAH-FF-A-0003
2015-12-01T23:14:00Z,2015-12-01 23:14,2015-12-02T15:00:00Z,2015-12-02 15:00,9,FG,Y,,RAH,NCZ025,Dense Fog Advisory,Dense Fog,Advisory,/vtec/#2015-O-NEW-KRAH-FG-Y-0009
2015-12-08T06:08:00Z,2015-12-08 06:08,2015-12-08T11:52:00Z,2015-12-08 11:52,10,FG,Y,,RAH,NCZ025,Dense Fog Advisory,Dense Fog,Advisory,/vtec/#2015-O-NEW-KRAH-FG-Y-0010
2015-12-09T03:53:00Z,2015-12-09 03:53,2015-12-09T16:00:00Z,2015-12-09 16:00,11,FG,Y,,RAH,NCZ025,Dense Fog Advisory,Dense Fog,Advisory,/vtec/#2015-O-NEW-KRAH-FG-Y-0011
2015-12-10T07:00:00Z,2015-12-10 07:00,2015-12-10T11:24:00Z,2015-12-10 11:24,12,FG,Y,,RAH,NCZ025,Dense Fog Advisory,Dense Fog,Advisory,/vtec/#2015-O-NEW-KRAH-FG-Y-0012
2015-12-12T10:06:00Z,2015-12-12 10:06,2015-12-12T15:00:00Z,2015-12-12 15:00,13,FG,Y,,RAH,NCZ025,Dense Fog Advisory,Dense Fog,Advisory,/vtec/#2015-O-NEW-KRAH-FG-Y-0013
2015-12-13T10:03:00Z,2015-12-13 10:03,2015-12-13T14:47:00Z,2015-12-13 14:47,14,FG,Y,,RAH,NCZ025,Dense Fog Advisory,Dense Fog,Advisory,/vtec/#2015-O-NEW-KRAH-FG-Y-0014
2015-12-30T03:11:00Z,2015-12-30 03:11,2015-12-30T11:20:00Z,2015-12-30 11:20,16,FG,Y,,RAH,NCZ025,Dense Fog Advisory,Dense Fog,Advisory,/vtec/#2015-O-NEW-KRAH-FG-Y-0016
2015-12-30T08:48:00Z,2015-12-30 08:48,2015-12-31T07:24:00Z,2015-12-31 07:24,1,FA,A,00000,RAH,NCZ025,Flood Watch,Flood,Watch,/vtec/#2015-O-NEW-KRAH-FA-A-0001
2016-01-12T17:00:00Z,2016-01-12 17:00,2016-01-12T23:00:00Z,2016-01-12 23:00,1,WI,Y,,RAH,NCZ025,Wind Advisory,Wind,Advisory,/vtec/#2016-O-NEW-KRAH-WI-Y-0001
2016-01-20T22:23:00Z,2016-01-20 22:23,2016-01-21T03:15:00Z,2016-01-21 03:15,1,WW,Y,,RAH,NCZ025,Winter Weather Advisory,Winter Weather,Advisory,/vtec/#2016-O-NEW-KRAH-WW-Y-0001
2016-01-22T05:00:00Z,2016-01-22 05:00,2016-01-21T09:52:00Z,2016-01-21 09:52,1,WS,A,,RAH,NCZ025,Winter Storm Watch,Winter Storm,Watch,/vtec/#2016-O-NEW-KRAH-WS-A-0001
2016-01-22T05:00:00Z,2016-01-22 05:00,2016-01-23T23:00:00Z,2016-01-23 23:00,1,WS,W,,RAH,NCZ025,Winter Storm Warning,Winter Storm,Warning,/vtec/#2016-O-NEW-KRAH-WS-W-0001
2016-01-23T23:00:00Z,2016-01-23 23:00,2016-01-24T17:00:00Z,2016-01-24 17:00,2,WW,Y,,RAH,NCZ025,Winter Weather Advisory,Winter Weather,Advisory,/vtec/#2016-O-NEW-KRAH-WW-Y-0002
2016-02-15T05:00:00Z,2016-02-15 05:00,2016-02-16T03:00:00Z,2016-02-16 03:00,6,WW,Y,,RAH,NCZ025,Winter Weather Advisory,Winter Weather,Advisory,/vtec/#2016-O-NEW-KRAH-WW-Y-0006
2016-02-15T05:00:00Z,2016-02-15 05:00,2016-02-14T20:53:00Z,2016-02-14 20:53,2,WS,A,,RAH,NCZ025,Winter Storm Watch,Winter Storm,Watch,/vtec/#2016-O-NEW-KRAH-WS-A-0002
2016-02-16T04:34:00Z,2016-02-16 04:34,2016-02-16T08:31:00Z,2016-02-16 08:31,1,FG,Y,,RAH,NCZ025,Dense Fog Advisory,Dense Fog,Advisory,/vtec/#2016-O-NEW-KRAH-FG-Y-0001
2016-02-21T10:34:00Z,2016-02-21 10:34,2016-02-21T14:00:00Z,2016-02-21 14:00,2,FG,Y,,RAH,NCZ025,Dense Fog Advisory,Dense Fog,Advisory,/vtec/#2016-O-NEW-KRAH-FG-Y-0002
2016-02-24T14:00:00Z,2016-02-24 14:00,2016-02-25T19:00:00Z,2016-02-25 19:00,2,WI,Y,,RAH,NCZ025,Wind Advisory,Wind,Advisory,/vtec/#2016-O-NEW-KRAH-WI-Y-0002
2016-03-22T08:00:00Z,2016-03-22 08:00,2016-03-22T12:59:00Z,2016-03-22 12:59,1,FR,Y,,RAH,NCZ025,Frost Advisory,Frost,Advisory,/vtec/#2016-O-NEW-KRAH-FR-Y-0001
2016-04-06T06:00:00Z,2016-04-06 06:00,2016-04-05T06:49:00Z,2016-04-05 06:49,1,FZ,A,,RAH,NCZ025,Freeze Watch,Freeze,Watch,/vtec/#2016-O-NEW-KRAH-FZ-A-0001
2016-04-06T06:00:00Z,2016-04-06 06:00,2016-04-06T13:00:00Z,2016-04-06 13:00,1,FZ,W,,RAH,NCZ025,Freeze Warning,Freeze,Warning,/vtec/#2016-O-NEW-KRAH-FZ-W-0001
2016-04-09T14:00:00Z,2016-04-09 14:00,2016-04-10T00:00:00Z,2016-04-10 00:00,1,FW,W,,RAH,NCZ025,Red Flag Warning,Red Flag,Warning,/vtec/#2016-O-NEW-KRAH-FW-W-0001
2016-04-09T14:00:00Z,2016-04-09 14:00,2016-04-09T22:49:00Z,2016-04-09 22:49,3,WI,Y,,RAH,NCZ025,Wind Advisory,Wind,Advisory,/vtec/#2016-O-NEW-KRAH-WI-Y-0003
2016-04-10T04:00:00Z,2016-04-10 04:00,2016-04-09T08:12:00Z,2016-04-09 08:12,2,FZ,A,,RAH,NCZ025,Freeze Watch,Freeze,Watch,/vtec/#2016-O-NEW-KRAH-FZ-A-0002
2016-04-10T04:00:00Z,2016-04-10 04:00,2016-04-10T13:02:00Z,2016-04-10 13:02,2,FZ,W,,RAH,NCZ025,Freeze Warning,Freeze,Warning,/vtec/#2016-O-NEW-KRAH-FZ-W-0002
2016-06-29T08:01:00Z,2016-06-29 08:01,2016-06-29T10:58:00Z,2016-06-29 10:58,3,FG,Y,,RAH,NCZ025,Dense Fog Advisory,Dense Fog,Advisory,/vtec/#2016-O-NEW-KRAH-FG-Y-0003
2016-07-24T16:00:00Z,2016-07-24 16:00,2016-07-25T00:00:00Z,2016-07-25 00:00,3,HT,Y,,RAH,NCZ025,Heat Advisory,Heat,Advisory,/vtec/#2016-O-NEW-KRAH-HT-Y-0003
2016-07-25T16:00:00Z,2016-07-25 16:00,2016-07-26T00:00:00Z,2016-07-26 00:00,4,HT,Y,,RAH,NCZ025,Heat Advisory,Heat,Advisory,/vtec/#2016-O-NEW-KRAH-HT-Y-0004
2016-07-26T16:00:00Z,2016-07-26 16:00,2016-07-27T00:00:00Z,2016-07-27 00:00,5,HT,Y,,RAH,NCZ025,Heat Advisory,Heat,Advisory,/vtec/#2016-O-NEW-KRAH-HT-Y-0005
2016-07-27T16:00:00Z,2016-07-27 16:00,2016-07-28T00:00:00Z,2016-07-28 00:00,6,HT,Y,,RAH,NCZ025,Heat Advisory,Heat,Advisory,/vtec/#2016-O-NEW-KRAH-HT-Y-0006
2016-07-28T16:00:00Z,2016-07-28 16:00,2016-07-29T00:00:00Z,2016-07-29 00:00,7,HT,Y,,RAH,NCZ025,Heat Advisory,Heat,Advisory,/vtec/#2016-O-NEW-KRAH-HT-Y-0007
2016-08-15T16:00:00Z,2016-08-15 16:00,2016-08-15T23:57:00Z,2016-08-15 23:57,11,HT,Y,,RAH,NCZ025,Heat Advisory,Heat,Advisory,/vtec/#2016-O-NEW-KRAH-HT-Y-0011
2016-09-02T18:00:00Z,2016-09-02 18:00,2016-09-03T05:34:00Z,2016-09-03 05:34,3,FF,A,00000,RAH,NCZ025,Flash Flood Watch,Flash Flood,Watch,/vtec/#2016-O-NEW-KRAH-FF-A-0003
2016-09-18T09:21:00Z,2016-09-18 09:21,2016-09-18T13:00:00Z,2016-09-18 13:00,4,FG,Y,,RAH,NCZ025,Dense Fog Advisory,Dense Fog,Advisory,/vtec/#2016-O-NEW-KRAH-FG-Y-0004
2016-10-01T10:29:00Z,2016-10-01 10:29,2016-10-01T13:00:00Z,2016-10-01 13:00,5,FG,Y,,RAH,NCZ025,Dense Fog Advisory,Dense Fog,Advisory,/vtec/#2016-O-NEW-KRAH-FG-Y-0005
2016-10-08T06:39:00Z,2016-10-08 06:39,2016-10-09T06:38:00Z,2016-10-09 06:38,5,FF,A,00000,RAH,NCZ025,Flash Flood Watch,Flash Flood,Watch,/vtec/#2016-O-NEW-KRAH-FF-A-0005
2016-10-08T22:11:00Z,2016-10-08 22:11,2016-10-09T22:00:00Z,2016-10-09 22:00,5,WI,Y,,RAH,NCZ025,Wind Advisory,Wind,Advisory,/vtec/#2016-O-NEW-KRAH-WI-Y-0005
2016-11-08T08:00:00Z,2016-11-08 08:00,2016-11-08T14:00:00Z,2016-11-08 14:00,2,FR,Y,,RAH,NCZ025,Frost Advisory,Frost,Advisory,/vtec/#2016-O-NEW-KRAH-FR-Y-0002
2016-11-13T05:00:00Z,2016-11-13 05:00,2016-11-13T14:00:00Z,2016-11-13 14:00,3,FZ,W,,RAH,NCZ025,Freeze Warning,Freeze,Warning,/vtec/#2016-O-NEW-KRAH-FZ-W-0003
2016-11-13T05:00:00Z,2016-11-13 05:00,2016-11-12T18:55:00Z,2016-11-12 18:55,3,FZ,A,,RAH,NCZ025,Freeze Watch,Freeze,Watch,/vtec/#2016-O-NEW-KRAH-FZ-A-0003
2016-12-17T00:00:00Z,2016-12-17 00:00,2016-12-17T14:00:00Z,2016-12-17 14:00,1,ZR,Y,,RAH,NCZ025,Freezing Rain Advisory,Freezing Rain,Advisory,/vtec/#2016-O-NEW-KRAH-ZR-Y-0001
2017-01-07T00:00:00Z,2017-01-07 00:00,2017-01-05T20:42:00Z,2017-01-05 20:42,1,WS,A,,RAH,NCZ025,Winter Storm Watch,Winter Storm,Watch,/vtec/#2017-O-NEW-KRAH-WS-A-0001
2017-01-07T00:00:00Z,2017-01-07 00:00,2017-01-07T20:17:00Z,2017-01-07 20:17,1,WS,W,,RAH,NCZ025,Winter Storm Warning,Winter Storm,Warning,/vtec/#2017-O-NEW-KRAH-WS-W-0001
2017-01-07T20:17:00Z,2017-01-07 20:17,2017-01-10T16:58:00Z,2017-01-10 16:58,2,WW,Y,,RAH,NCZ025,Winter Weather Advisory,Winter Weather,Advisory,/vtec/#2017-O-NEW-KRAH-WW-Y-0002
2017-01-08T09:02:00Z,2017-01-08 09:02,2017-01-08T14:52:00Z,2017-01-08 14:52,1,WC,Y,,RAH,NCZ025,Wind Chill Advisory,Wind Chill,Advisory,/vtec/#2017-O-NEW-KRAH-WC-Y-0001
2017-01-21T05:17:00Z,2017-01-21 05:17,2017-01-21T15:00:00Z,2017-01-21 15:00,2,FG,Y,,RAH,NCZ025,Dense Fog Advisory,Dense Fog,Advisory,/vtec/#2017-O-NEW-KRAH-FG-Y-0002
2017-01-22T03:54:00Z,2017-01-22 03:54,2017-01-22T11:21:00Z,2017-01-22 11:21,4,FG,Y,,RAH,NCZ025,Dense Fog Advisory,Dense Fog,Advisory,/vtec/#2017-O-NEW-KRAH-FG-Y-0004
2017-04-06T12:00:00Z,2017-04-06 12:00,2017-04-07T02:14:00Z,2017-04-07 02:14,1,WI,Y,,RAH,NCZ025,Wind Advisory,Wind,Advisory,/vtec/#2017-O-NEW-KRAH-WI-Y-0001
2017-04-07T12:00:00Z,2017-04-07 12:00,2017-04-07T22:00:00Z,2017-04-07 22:00,2,WI,Y,,RAH,NCZ025,Wind Advisory,Wind,Advisory,/vtec/#2017-O-NEW-KRAH-WI-Y-0002
2017-04-08T06:00:00Z,2017-04-08 06:00,2017-04-08T13:00:00Z,2017-04-08 13:00,1,FR,Y,,RAH,NCZ025,Frost Advisory,Frost,Advisory,/vtec/#2017-O-NEW-KRAH-FR-Y-0001
2017-04-20T07:53:00Z,2017-04-20 07:53,2017-04-20T12:58:00Z,2017-04-20 12:58,5,FG,Y,,RAH,NCZ025,Dense Fog Advisory,Dense Fog,Advisory,/vtec/#2017-O-NEW-KRAH-FG-Y-0005
2017-04-23T04:00:00Z,2017-04-23 04:00,2017-04-25T12:00:00Z,2017-04-25 12:00,1,FA,A,00000,RAH,NCZ025,Flood Watch,Flood,Watch,/vtec/#2017-O-NEW-KRAH-FA-A-0001
2017-05-23T09:00:00Z,2017-05-23 09:00,2017-05-25T00:52:00Z,2017-05-25 00:52,2,FA,A,00000,RAH,NCZ025,Flood Watch,Flood,Watch,/vtec/#2017-O-NEW-KRAH-FA-A-0002
2017-07-21T16:00:00Z,2017-07-21 16:00,2017-07-22T00:00:00Z,2017-07-22 00:00,5,HT,Y,,RAH,NCZ025,Heat Advisory,Heat,Advisory,/vtec/#2017-O-NEW-KRAH-HT-Y-0005
2017-07-22T15:00:00Z,2017-07-22 15:00,2017-07-23T23:00:00Z,2017-07-23 23:00,6,HT,Y,,RAH,NCZ025,Heat Advisory,Heat,Advisory,/vtec/#2017-O-NEW-KRAH-HT-Y-0006
2017-08-18T16:00:00Z,2017-08-18 16:00,2017-08-18T22:00:00Z,2017-08-18 22:00,8,HT,Y,,RAH,NCZ025,Heat Advisory,Heat,Advisory,/vtec/#2017-O-NEW-KRAH-HT-Y-0008
2017-10-15T09:21:00Z,2017-10-15 09:21,2017-10-15T15:00:00Z,2017-10-15 15:00,7,FG,Y,,RAH,NCZ025,Dense Fog Advisory,Dense Fog,Advisory,/vtec/#2017-O-NEW-KRAH-FG-Y-0007
2017-11-06T08:00:00Z,2017-11-06 08:00,2017-11-06T14:00:00Z,2017-11-06 14:00,8,FG,Y,,RAH,NCZ025,Dense Fog Advisory,Dense Fog,Advisory,/vtec/#2017-O-NEW-KRAH-FG-Y-0008
2017-11-11T05:00:00Z,2017-11-11 05:00,2017-11-11T14:00:00Z,2017-11-11 14:00,2,FZ,W,,RAH,NCZ025,Freeze Warning,Freeze,Warning,/vtec/#2017-O-NEW-KRAH-FZ-W-0002
2017-11-11T05:00:00Z,2017-11-11 05:00,2017-11-10T07:30:00Z,2017-11-10 07:30,1,FZ,A,,RAH,NCZ025,Freeze Watch,Freeze,Watch,/vtec/#2017-O-NEW-KRAH-FZ-A-0001
2017-12-05T14:00:00Z,2017-12-05 14:00,2017-12-05T16:00:00Z,2017-12-05 16:00,9,FG,Y,,RAH,NCZ025,Dense Fog Advisory,Dense Fog,Advisory,/vtec/#2017-O-NEW-KRAH-FG-Y-0009
2017-12-08T14:00:00Z,2017-12-08 14:00,2017-12-09T20:24:00Z,2017-12-09 20:24,4,WW,Y,,RAH,NCZ025,Winter Weather Advisory,Winter Weather,Advisory,/vtec/#2017-O-NEW-KRAH-WW-Y-0004
2017-12-10T03:00:00Z,2017-12-10 03:00,2017-12-10T15:00:00Z,2017-12-10 15:00,5,WW,Y,,RAH,NCZ025,Winter Weather Advisory,Winter Weather,Advisory,/vtec/#2017-O-NEW-KRAH-WW-Y-0005
2018-01-02T05:00:00Z,2018-01-02 05:00,2018-01-02T14:00:00Z,2018-01-02 14:00,1,WC,Y,,RAH,NCZ025,Wind Chill Advisory,Wind Chill,Advisory,/vtec/#2018-O-NEW-KRAH-WC-Y-0001
2018-01-03T21:46:00Z,2018-01-03 21:46,2018-01-06T14:59:00Z,2018-01-06 14:59,1,WW,Y,,RAH,NCZ025,Winter Weather Advisory,Winter Weather,Advisory,/vtec/#2018-O-NEW-KRAH-WW-Y-0001
2018-01-05T01:00:00Z,2018-01-05 01:00,2018-01-05T14:55:00Z,2018-01-05 14:55,2,WC,Y,,RAH,NCZ025,Wind Chill Advisory,Wind Chill,Advisory,/vtec/#2018-O-NEW-KRAH-WC-Y-0002
2018-01-06T01:00:00Z,2018-01-06 01:00,2018-01-06T14:59:00Z,2018-01-06 14:59,3,WC,Y,,RAH,NCZ025,Wind Chill Advisory,Wind Chill,Advisory,/vtec/#2018-O-NEW-KRAH-WC-Y-0003
2018-01-17T04:00:00Z,2018-01-17 04:00,2018-01-16T19:50:00Z,2018-01-16 19:50,3,WW,Y,,RAH,NCZ025,Winter Weather Advisory,Winter Weather,Advisory,/vtec/#2018-O-NEW-KRAH-WW-Y-0003
2018-01-17T04:00:00Z,2018-01-17 04:00,2018-01-18T01:57:00Z,2018-01-18 01:57,2,WS,W,,RAH,NCZ025,Winter Storm Warning,Winter Storm,Warning,/vtec/#2018-O-NEW-KRAH-WS-W-0002
2018-01-18T02:00:00Z,2018-01-18 02:00,2018-01-19T16:36:00Z,2018-01-19 16:36,3,WW,Y,,RAH,NCZ025,Winter Weather Advisory,Winter Weather,Advisory,/vtec/#2018-O-NEW-KRAH-WW-Y-0003
2018-01-23T17:05:00Z,2018-01-23 17:05,2018-01-23T23:00:00Z,2018-01-23 23:00,1,WI,Y,,RAH,NCZ025,Wind Advisory,Wind,Advisory,/vtec/#2018-O-NEW-KRAH-WI-Y-0001
2018-02-20T04:00:00Z,2018-02-20 04:00,2018-02-20T16:33:00Z,2018-02-20 16:33,1,FG,Y,,RAH,NCZ025,Dense Fog Advisory,Dense Fog,Advisory,/vtec/#2018-O-NEW-KRAH-FG-Y-0001
2018-03-02T09:00:00Z,2018-03-02 09:00,2018-03-03T02:11:00Z,2018-03-03 02:11,1,HW,W,,RAH,NCZ025,High Wind Warning,High Wind,Warning,/vtec/#2018-O-NEW-KRAH-HW-W-0001
2018-03-02T12:00:00Z,2018-03-02 12:00,2018-03-02T08:52:00Z,2018-03-02 08:52,2,WI,Y,,RAH,NCZ025,Wind Advisory,Wind,Advisory,/vtec/#2018-O-NEW-KRAH-WI-Y-0002
2018-03-12T16:00:00Z,2018-03-12 16:00,2018-03-13T02:00:00Z,2018-03-13 02:00,5,WW,Y,,RAH,NCZ025,Winter Weather Advisory,Winter Weather,Advisory,/vtec/#2018-O-NEW-KRAH-WW-Y-0005
2018-03-13T07:18:00Z,2018-03-13 07:18,2018-03-13T14:00:00Z,2018-03-13 14:00,5,WW,Y,,RAH,NCZ025,Winter Weather Advisory,Winter Weather,Advisory,/vtec/#2018-O-NEW-KRAH-WW-Y-0005
2018-03-15T13:14:00Z,2018-03-15 13:14,2018-03-15T23:00:00Z,2018-03-15 23:00,1,FW,W,,RAH,NCZ025,Red Flag Warning,Red Flag,Warning,/vtec/#2018-O-NEW-KRAH-FW-W-0001
2018-03-21T05:00:00Z,2018-03-21 05:00,2018-03-21T15:00:00Z,2018-03-21 15:00,6,WW,Y,,RAH,NCZ025,Winter Weather Advisory,Winter Weather,Advisory,/vtec/#2018-O-NEW-KRAH-WW-Y-0006
2018-03-25T00:00:00Z,2018-03-25 00:00,2018-03-25T08:01:00Z,2018-03-25 08:01,7,WW,Y,,RAH,NCZ025,Winter Weather Advisory,Winter Weather,Advisory,/vtec/#2018-O-NEW-KRAH-WW-Y-0007
2018-04-05T09:00:00Z,2018-04-05 09:00,2018-04-05T12:06:00Z,2018-04-05 12:06,1,FZ,W,,RAH,NCZ025,Freeze Warning,Freeze,Warning,/vtec/#2018-O-NEW-KRAH-FZ-W-0001
2018-04-06T08:00:00Z,2018-04-06 08:00,2018-04-06T10:53:00Z,2018-04-06 10:53,1,FR,Y,,RAH,NCZ025,Frost Advisory,Frost,Advisory,/vtec/#2018-O-NEW-KRAH-FR-Y-0001
2018-04-08T09:00:00Z,2018-04-08 09:00,2018-04-08T13:00:00Z,2018-04-08 13:00,2,FZ,W,,RAH,NCZ025,Freeze Warning,Freeze,Warning,/vtec/#2018-O-NEW-KRAH-FZ-W-0002
2018-04-16T00:43:00Z,2018-04-16 00:43,2018-04-16T05:47:00Z,2018-04-16 05:47,1,FF,A,00000,RAH,NCZ025,Flash Flood Watch,Flash Flood,Watch,/vtec/#2018-O-NEW-KRAH-FF-A-0001
2018-04-17T08:00:00Z,2018-04-17 08:00,2018-04-17T13:00:00Z,2018-04-17 13:00,2,FR,Y,,RAH,NCZ025,Frost Advisory,Frost,Advisory,/vtec/#2018-O-NEW-KRAH-FR-Y-0002
2018-04-20T08:00:00Z,2018-04-20 08:00,2018-04-20T12:14:00Z,2018-04-20 12:14,3,FR,Y,,RAH,NCZ025,Frost Advisory,Frost,Advisory,/vtec/#2018-O-NEW-KRAH-FR-Y-0003
2018-05-18T20:00:00Z,2018-05-18 20:00,2018-05-19T19:43:00Z,2018-05-19 19:43,2,FF,A,00000,RAH,NCZ025,Flash Flood Watch,Flash Flood,Watch,/vtec/#2018-O-NEW-KRAH-FF-A-0002
2018-05-28T16:27:00Z,2018-05-28 16:27,2018-05-29T07:37:00Z,2018-05-29 07:37,3,FF,A,00000,RAH,NCZ025,Flash Flood Watch,Flash Flood,Watch,/vtec/#2018-O-NEW-KRAH-FF-A-0003
2018-06-30T15:00:00Z,2018-06-30 15:00,2018-06-30T21:21:00Z,2018-06-30 21:21,3,HT,Y,,RAH,NCZ025,Heat Advisory,Heat,Advisory,/vtec/#2018-O-NEW-KRAH-HT-Y-0003
2018-07-23T09:00:00Z,2018-07-23 09:00,2018-07-25T02:36:00Z,2018-07-25 02:36,4,FF,A,00000,RAH,NCZ025,Flash Flood Watch,Flash Flood,Watch,/vtec/#2018-O-NEW-KRAH-FF-A-0004
2018-08-02T18:43:00Z,2018-08-02 18:43,2018-08-04T00:00:00Z,2018-08-04 00:00,6,FF,A,00000,RAH,NCZ025,Flash Flood Watch,Flash Flood,Watch,/vtec/#2018-O-NEW-KRAH-FF-A-0006
2018-09-13T21:17:00Z,2018-09-13 21:17,2018-09-17T11:59:00Z,2018-09-17 11:59,7,FF,A,00000,RAH,NCZ025,Flash Flood Watch,Flash Flood,Watch,/vtec/#2018-O-NEW-KRAH-FF-A-0007
2018-10-10T21:00:00Z,2018-10-10 21:00,2018-10-12T02:57:00Z,2018-10-12 02:57,1014,TR,W,,RAH,NCZ025,Tropical Storm Warning,Tropical Storm,Warning,/vtec/#2018-O-NEW-KRAH-TR-W-1014
2018-10-11T10:00:00Z,2018-10-11 10:00,2018-10-12T00:24:00Z,2018-10-12 00:24,8,FF,A,00000,RAH,NCZ025,Flash Flood Watch,Flash Flood,Watch,/vtec/#2018-O-NEW-KRAH-FF-A-0008
2018-10-22T04:00:00Z,2018-10-22 04:00,2018-10-22T13:00:00Z,2018-10-22 13:00,4,FR,Y,,RAH,NCZ025,Frost Advisory,Frost,Advisory,/vtec/#2018-O-NEW-KRAH-FR-Y-0004
2018-11-06T09:36:00Z,2018-11-06 09:36,2018-11-06T11:31:00Z,2018-11-06 11:31,6,FG,Y,,RAH,NCZ025,Dense Fog Advisory,Dense Fog,Advisory,/vtec/#2018-O-NEW-KRAH-FG-Y-0006
2018-11-11T03:00:00Z,2018-11-11 03:00,2018-11-11T14:00:00Z,2018-11-11 14:00,4,FZ,W,,RAH,NCZ025,Freeze Warning,Freeze,Warning,/vtec/#2018-O-NEW-KRAH-FZ-W-0004
2018-11-11T03:00:00Z,2018-11-11 03:00,2018-11-10T08:36:00Z,2018-11-10 08:36,1,FZ,A,,RAH,NCZ025,Freeze Watch,Freeze,Watch,/vtec/#2018-O-NEW-KRAH-FZ-A-0001
2018-11-15T00:00:00Z,2018-11-15 00:00,2018-11-15T19:58:00Z,2018-11-15 19:58,1,FA,A,00000,RAH,NCZ025,Flood Watch,Flood,Watch,/vtec/#2018-O-NEW-KRAH-FA-A-0001
2018-12-09T06:00:00Z,2018-12-09 06:00,2018-12-08T08:45:00Z,2018-12-08 08:45,2,WS,A,,RAH,NCZ025,Winter Storm Watch,Winter Storm,Watch,/vtec/#2018-O-NEW-KRAH-WS-A-0002
2018-12-09T06:00:00Z,2018-12-09 06:00,2018-12-10T09:16:00Z,2018-12-10 09:16,4,WS,W,,RAH,NCZ025,Winter Storm Warning,Winter Storm,Warning,/vtec/#2018-O-NEW-KRAH-WS-W-0004
2018-12-10T09:16:00Z,2018-12-10 09:16,2018-12-11T16:00:00Z,2018-12-11 16:00,9,WW,Y,,RAH,NCZ025,Winter Weather Advisory,Winter Weather,Advisory,/vtec/#2018-O-NEW-KRAH-WW-Y-0009
2018-12-12T00:00:00Z,2018-12-12 00:00,2018-12-12T15:20:00Z,2018-12-12 15:20,10,WW,Y,,RAH,NCZ025,Winter Weather Advisory,Winter Weather,Advisory,/vtec/#2018-O-NEW-KRAH-WW-Y-0010
2018-12-14T18:00:00Z,2018-12-14 18:00,2018-12-15T19:56:00Z,2018-12-15 19:56,9,FF,A,00000,RAH,NCZ025,Flash Flood Watch,Flash Flood,Watch,/vtec/#2018-O-NEW-KRAH-FF-A-0009
2018-12-31T10:18:00Z,2018-12-31 10:18,2018-12-31T14:24:00Z,2018-12-31 14:24,10,FG,Y,,RAH,NCZ025,Dense Fog Advisory,Dense Fog,Advisory,/vtec/#2018-O-NEW-KRAH-FG-Y-0010
2019-01-12T23:00:00Z,2019-01-12 23:00,2019-01-13T15:30:00Z,2019-01-13 15:30,1,WW,Y,,RAH,NCZ025,Winter Weather Advisory,Winter Weather,Advisory,/vtec/#2019-O-NEW-KRAH-WW-Y-0001
2019-01-30T15:00:00Z,2019-01-30 15:00,2019-01-30T22:15:00Z,2019-01-30 22:15,2,WI,Y,,RAH,NCZ025,Wind Advisory,Wind,Advisory,/vtec/#2019-O-NEW-KRAH-WI-Y-0002
2019-02-20T00:00:00Z,2019-02-20 00:00,2019-02-20T17:00:00Z,2019-02-20 17:00,3,WW,Y,,RAH,NCZ025,Winter Weather Advisory,Winter Weather,Advisory,/vtec/#2019-O-NEW-KRAH-WW-Y-0003
2019-02-24T17:00:00Z,2019-02-24 17:00,2019-02-25T02:54:00Z,2019-02-25 02:54,3,WI,Y,,RAH,NCZ025,Wind Advisory,Wind,Advisory,/vtec/#2019-O-NEW-KRAH-WI-Y-0003
2019-02-28T07:57:00Z,2019-02-28 07:57,2019-02-28T14:00:00Z,2019-02-28 14:00,1,FG,Y,,RAH,NCZ025,Dense Fog Advisory,Dense Fog,Advisory,/vtec/#2019-O-NEW-KRAH-FG-Y-0001
2019-04-01T08:00:00Z,2019-04-01 08:00,2019-04-01T13:00:00Z,2019-04-01 13:00,4,FZ,W,,RAH,NCZ025,Freeze Warning,Freeze,Warning,/vtec/#2019-O-NEW-KRAH-FZ-W-0004
2019-04-03T04:00:00Z,2019-04-03 04:00,2019-04-03T13:00:00Z,2019-04-03 13:00,4,FR,Y,,RAH,NCZ025,Frost Advisory,Frost,Advisory,/vtec/#2019-O-NEW-KRAH-FR-Y-0004
2019-04-07T07:35:00Z,2019-04-07 07:35,2019-04-07T15:00:00Z,2019-04-07 15:00,2,FG,Y,,RAH,NCZ025,Dense Fog Advisory,Dense Fog,Advisory,/vtec/#2019-O-NEW-KRAH-FG-Y-0002
2019-04-13T14:53:00Z,2019-04-13 14:53,2019-04-13T21:55:00Z,2019-04-13 21:55,1,FF,A,00000,RAH,NCZ025,Flash Flood Watch,Flash Flood,Watch,/vtec/#2019-O-NEW-KRAH-FF-A-0001
2019-07-19T16:00:00Z,2019-07-19 16:00,2019-07-19T23:00:00Z,2019-07-19 23:00,9,HT,Y,,RAH,NCZ025,Heat Advisory,Heat,Advisory,/vtec/#2019-O-NEW-KRAH-HT-Y-0009
2019-07-20T14:00:00Z,2019-07-20 14:00,2019-07-20T22:51:00Z,2019-07-20 22:51,1,EH,W,,RAH,NCZ025,Excessive Heat Warning,Excessive Heat,Warning,/vtec/#2019-O-NEW-KRAH-EH-W-0001
2019-07-21T10:00:00Z,2019-07-21 10:00,2019-07-22T03:51:00Z,2019-07-22 03:51,10,HT,Y,,RAH,NCZ025,Heat Advisory,Heat,Advisory,/vtec/#2019-O-NEW-KRAH-HT-Y-0010
2019-07-21T10:00:00Z,2019-07-21 10:00,2019-07-20T19:39:00Z,2019-07-20 19:39,1,EH,A,,RAH,NCZ025,Excessive Heat Watch,Excessive Heat,Watch,/vtec/#2019-O-NEW-KRAH-EH-A-0001
2019-07-23T16:00:00Z,2019-07-23 16:00,2019-07-23T21:16:00Z,2019-07-23 21:16,4,FF,A,00000,RAH,NCZ025,Flash Flood Watch,Flash Flood,Watch,/vtec/#2019-O-NEW-KRAH-FF-A-0004
2019-09-16T09:16:00Z,2019-09-16 09:16,2019-09-16T14:00:00Z,2019-09-16 14:00,4,FG,Y,,RAH,NCZ025,Dense Fog Advisory,Dense Fog,Advisory,/vtec/#2019-O-NEW-KRAH-FG-Y-0004
2019-11-02T06:00:00Z,2019-11-02 06:00,2019-11-02T13:00:00Z,2019-11-02 13:00,5,FZ,W,,RAH,NCZ025,Freeze Warning,Freeze,Warning,/vtec/#2019-O-NEW-KRAH-FZ-W-0005
2019-11-03T06:00:00Z,2019-11-03 06:00,2019-11-03T13:00:00Z,2019-11-03 13:00,6,FZ,W,,RAH,NCZ025,Freeze Warning,Freeze,Warning,/vtec/#2019-O-NEW-KRAH-FZ-W-0006
2019-11-04T06:00:00Z,2019-11-04 06:00,2019-11-04T13:00:00Z,2019-11-04 13:00,7,FZ,W,,RAH,NCZ025,Freeze Warning,Freeze,Warning,/vtec/#2019-O-NEW-KRAH-FZ-W-0007
2019-12-09T10:21:00Z,2019-12-09 10:21,2019-12-09T16:00:00Z,2019-12-09 16:00,6,FG,Y,,RAH,NCZ025,Dense Fog Advisory,Dense Fog,Advisory,/vtec/#2019-O-NEW-KRAH-FG-Y-0006
2019-12-27T10:41:00Z,2019-12-27 10:41,2019-12-27T15:00:00Z,2019-12-27 15:00,7,FG,Y,,RAH,NCZ025,Dense Fog Advisory,Dense Fog,Advisory,/vtec/#2019-O-NEW-KRAH-FG-Y-0007
2020-02-06T11:00:00Z,2020-02-06 11:00,2020-02-07T06:00:00Z,2020-02-07 06:00,1,FA,A,00000,RAH,NCZ025,Flood Watch,Flood,Watch,/vtec/#2020-O-NEW-KRAH-FA-A-0001
2020-02-07T10:00:00Z,2020-02-07 10:00,2020-02-07T21:00:00Z,2020-02-07 21:00,1,WI,Y,,RAH,NCZ025,Wind Advisory,Wind,Advisory,/vtec/#2020-O-NEW-KRAH-WI-Y-0001
2020-02-20T15:00:00Z,2020-02-20 15:00,2020-02-21T14:59:00Z,2020-02-21 14:59,1,WW,Y,,RAH,NCZ025,Winter Weather Advisory,Winter Weather,Advisory,/vtec/#2020-O-NEW-KRAH-WW-Y-0001
2020-02-22T02:00:00Z,2020-02-22 02:00,2020-02-22T13:55:00Z,2020-02-22 13:55,2,WW,Y,,RAH,NCZ025,Winter Weather Advisory,Winter Weather,Advisory,/vtec/#2020-O-NEW-KRAH-WW-Y-0002
2020-02-26T08:31:00Z,2020-02-26 08:31,2020-02-26T14:00:00Z,2020-02-26 14:00,1,FG,Y,,RAH,NCZ025,Dense Fog Advisory,Dense Fog,Advisory,/vtec/#2020-O-NEW-KRAH-FG-Y-0001
2020-02-26T14:04:00Z,2020-02-26 14:04,2020-02-26T16:00:00Z,2020-02-26 16:00,2,FG,Y,,RAH,NCZ025,Dense Fog Advisory,Dense Fog,Advisory,/vtec/#2020-O-NEW-KRAH-FG-Y-0002
2020-03-18T08:25:00Z,2020-03-18 08:25,2020-03-18T11:33:00Z,2020-03-18 11:33,3,FG,Y,,RAH,NCZ025,Dense Fog Advisory,Dense Fog,Advisory,/vtec/#2020-O-NEW-KRAH-FG-Y-0003
2020-04-07T09:00:00Z,2020-04-07 09:00,2020-04-07T14:00:00Z,2020-04-07 14:00,4,FG,Y,,RAH,NCZ025,Dense Fog Advisory,Dense Fog,Advisory,/vtec/#2020-O-NEW-KRAH-FG-Y-0004
2020-04-10T16:00:00Z,2020-04-10 16:00,2020-04-10T22:00:00Z,2020-04-10 22:00,1,FW,W,,RAH,NCZ025,Red Flag Warning,Red Flag,Warning,/vtec/#2020-O-NEW-KRAH-FW-W-0001
2020-04-11T07:00:00Z,2020-04-11 07:00,2020-04-11T12:18:00Z,2020-04-11 12:18,1,FZ,W,,RAH,NCZ025,Freeze Warning,Freeze,Warning,/vtec/#2020-O-NEW-KRAH-FZ-W-0001
2020-04-13T08:00:00Z,2020-04-13 08:00,2020-04-13T20:00:00Z,2020-04-13 20:00,2,WI,Y,,RAH,NCZ025,Wind Advisory,Wind,Advisory,/vtec/#2020-O-NEW-KRAH-WI-Y-0002
2020-04-16T06:00:00Z,2020-04-16 06:00,2020-04-16T12:00:00Z,2020-04-16 12:00,2,FR,Y,,RAH,NCZ025,Frost Advisory,Frost,Advisory,/vtec/#2020-O-NEW-KRAH-FR-Y-0002
2020-04-17T06:00:00Z,2020-04-17 06:00,2020-04-17T12:00:00Z,2020-04-17 12:00,3,FR,Y,,RAH,NCZ025,Frost Advisory,Frost,Advisory,/vtec/#2020-O-NEW-KRAH-FR-Y-0003
2020-04-19T06:00:00Z,2020-04-19 06:00,2020-04-19T12:10:00Z,2020-04-19 12:10,4,FR,Y,,RAH,NCZ025,Frost Advisory,Frost,Advisory,/vtec/#2020-O-NEW-KRAH-FR-Y-0004
2020-05-10T04:00:00Z,2020-05-10 04:00,2020-05-10T12:00:00Z,2020-05-10 12:00,2,FZ,W,,RAH,NCZ025,Freeze Warning,Freeze,Warning,/vtec/#2020-O-NEW-KRAH-FZ-W-0002
2020-05-20T19:45:00Z,2020-05-20 19:45,2020-05-22T08:00:00Z,2020-05-22 08:00,1,FF,A,00000,RAH,NCZ025,Flash Flood Watch,Flash Flood,Watch,/vtec/#2020-O-NEW-KRAH-FF-A-0001
2020-06-11T16:00:00Z,2020-06-11 16:00,2020-06-12T02:32:00Z,2020-06-12 02:32,3,FF,A,00000,RAH,NCZ025,Flash Flood Watch,Flash Flood,Watch,/vtec/#2020-O-NEW-KRAH-FF-A-0003
2020-07-19T16:00:00Z,2020-07-19 16:00,2020-07-20T01:00:00Z,2020-07-20 01:00,1,HT,Y,,RAH,NCZ025,Heat Advisory,Heat,Advisory,/vtec/#2020-O-NEW-KRAH-HT-Y-0001
2020-07-20T16:00:00Z,2020-07-20 16:00,2020-07-21T01:00:00Z,2020-07-21 01:00,2,HT,Y,,RAH,NCZ025,Heat Advisory,Heat,Advisory,/vtec/#2020-O-NEW-KRAH-HT-Y-0002
2020-07-21T16:00:00Z,2020-07-21 16:00,2020-07-22T01:00:00Z,2020-07-22 01:00,3,HT,Y,,RAH,NCZ025,Heat Advisory,Heat,Advisory,/vtec/#2020-O-NEW-KRAH-HT-Y-0003
2020-07-22T16:00:00Z,2020-07-22 16:00,2020-07-23T01:00:00Z,2020-07-23 01:00,4,HT,Y,,RAH,NCZ025,Heat Advisory,Heat,Advisory,/vtec/#2020-O-NEW-KRAH-HT-Y-0004
2020-08-03T18:00:00Z,2020-08-03 18:00,2020-08-04T12:18:00Z,2020-08-04 12:18,4,FF,A,00000,RAH,NCZ025,Flash Flood Watch,Flash Flood,Watch,/vtec/#2020-O-NEW-KRAH-FF-A-0004
2020-08-15T09:00:00Z,2020-08-15 09:00,2020-08-16T01:53:00Z,2020-08-16 01:53,5,FF,A,00000,RAH,NCZ025,Flash Flood Watch,Flash Flood,Watch,/vtec/#2020-O-NEW-KRAH-FF-A-0005
2020-09-02T16:00:00Z,2020-09-02 16:00,2020-09-02T23:00:00Z,2020-09-02 23:00,10,HT,Y,,RAH,NCZ025,Heat Advisory,Heat,Advisory,/vtec/#2020-O-NEW-KRAH-HT-Y-0010
2020-09-03T15:00:00Z,2020-09-03 15:00,2020-09-03T23:00:00Z,2020-09-03 23:00,11,HT,Y,,RAH,NCZ025,Heat Advisory,Heat,Advisory,/vtec/#2020-O-NEW-KRAH-HT-Y-0011
2020-09-17T12:00:00Z,2020-09-17 12:00,2020-09-18T07:33:00Z,2020-09-18 07:33,6,FF,A,00000,RAH,NCZ025,Flash Flood Watch,Flash Flood,Watch,/vtec/#2020-O-NEW-KRAH-FF-A-0006
2020-09-27T07:21:00Z,2020-09-27 07:21,2020-09-27T13:00:00Z,2020-09-27 13:00,6,FG,Y,,RAH,NCZ025,Dense Fog Advisory,Dense Fog,Advisory,/vtec/#2020-O-NEW-KRAH-FG-Y-0006
2020-09-28T09:44:00Z,2020-09-28 09:44,2020-09-28T14:00:00Z,2020-09-28 14:00,7,FG,Y,,RAH,NCZ025,Dense Fog Advisory,Dense Fog,Advisory,/vtec/#2020-O-NEW-KRAH-FG-Y-0007
2020-10-19T11:28:00Z,2020-10-19 11:28,2020-10-19T14:00:00Z,2020-10-19 14:00,8,FG,Y,,RAH,NCZ025,Dense Fog Advisory,Dense Fog,Advisory,/vtec/#2020-O-NEW-KRAH-FG-Y-0008
2020-10-21T09:34:00Z,2020-10-21 09:34,2020-10-21T14:00:00Z,2020-10-21 14:00,9,FG,Y,,RAH,NCZ025,Dense Fog Advisory,Dense Fog,Advisory,/vtec/#2020-O-NEW-KRAH-FG-Y-0009
2020-10-27T02:00:00Z,2020-10-27 02:00,2020-10-27T13:59:00Z,2020-10-27 13:59,10,FG,Y,,RAH,NCZ025,Dense Fog Advisory,Dense Fog,Advisory,/vtec/#2020-O-NEW-KRAH-FG-Y-0010
2020-10-29T14:00:00Z,2020-10-29 14:00,2020-10-29T14:21:00Z,2020-10-29 14:21,3,WI,Y,,RAH,NCZ025,Wind Advisory,Wind,Advisory,/vtec/#2020-O-NEW-KRAH-WI-Y-0003
2020-10-29T14:21:00Z,2020-10-29 14:21,2020-10-29T20:49:00Z,2020-10-29 20:49,1,HW,W,,RAH,NCZ025,High Wind Warning,High Wind,Warning,/vtec/#2020-O-NEW-KRAH-HW-W-0001
2020-11-02T06:00:00Z,2020-11-02 06:00,2020-11-01T20:35:00Z,2020-11-01 20:35,1,FZ,A,,RAH,NCZ025,Freeze Watch,Freeze,Watch,/vtec/#2020-O-NEW-KRAH-FZ-A-0001
2020-11-02T08:00:00Z,2020-11-02 08:00,2020-11-02T13:00:00Z,2020-11-02 13:00,3,FZ,W,,RAH,NCZ025,Freeze Warning,Freeze,Warning,/vtec/#2020-O-NEW-KRAH-FZ-W-0003
2020-11-03T08:00:00Z,2020-11-03 08:00,2020-11-03T13:00:00Z,2020-11-03 13:00,4,FZ,W,,RAH,NCZ025,Freeze Warning,Freeze,Warning,/vtec/#2020-O-NEW-KRAH-FZ-W-0004
2020-11-11T19:21:00Z,2020-11-11 19:21,2020-11-12T20:33:00Z,2020-11-12 20:33,7,FF,A,00000,RAH,NCZ025,Flash Flood Watch,Flash Flood,Watch,/vtec/#2020-O-NEW-KRAH-FF-A-0007
2020-11-27T01:46:00Z,2020-11-27 01:46,2020-11-27T14:00:00Z,2020-11-27 14:00,14,FG,Y,,RAH,NCZ025,Dense Fog Advisory,Dense Fog,Advisory,/vtec/#2020-O-NEW-KRAH-FG-Y-0014
2020-11-30T13:00:00Z,2020-11-30 13:00,2020-11-30T22:04:00Z,2020-11-30 22:04,4,WI,Y,,RAH,NCZ025,Wind Advisory,Wind,Advisory,/vtec/#2020-O-NEW-KRAH-WI-Y-0004
2020-12-16T05:00:00Z,2020-12-16 05:00,2020-12-16T14:37:00Z,2020-12-16 14:37,3,WW,Y,,RAH,NCZ025,Winter Weather Advisory,Winter Weather,Advisory,/vtec/#2020-O-NEW-KRAH-WW-Y-0003
2020-12-17T07:57:00Z,2020-12-17 07:57,2020-12-17T15:00:00Z,2020-12-17 15:00,15,FG,Y,,RAH,NCZ025,Dense Fog Advisory,Dense Fog,Advisory,/vtec/#2020-O-NEW-KRAH-FG-Y-0015
2021-01-02T13:15:00Z,2021-01-02 13:15,2021-01-02T16:00:00Z,2021-01-02 16:00,1,FG,Y,,RAH,NCZ025,Dense Fog Advisory,Dense Fog,Advisory,/vtec/#2021-O-NEW-KRAH-FG-Y-0001
2021-01-08T06:00:00Z,2021-01-08 06:00,2021-01-09T02:30:00Z,2021-01-09 02:30,1,WW,Y,,RAH,NCZ025,Winter Weather Advisory,Winter Weather,Advisory,/vtec/#2021-O-NEW-KRAH-WW-Y-0001
2021-01-16T06:27:00Z,2021-01-16 06:27,2021-01-16T14:00:00Z,2021-01-16 14:00,3,FG,Y,,RAH,NCZ025,Dense Fog Advisory,Dense Fog,Advisory,/vtec/#2021-O-NEW-KRAH-FG-Y-0003
2021-01-28T05:00:00Z,2021-01-28 05:00,2021-01-28T13:00:00Z,2021-01-28 13:00,2,WW,Y,,RAH,NCZ025,Winter Weather Advisory,Winter Weather,Advisory,/vtec/#2021-O-NEW-KRAH-WW-Y-0002
2021-01-31T00:00:00Z,2021-01-31 00:00,2021-01-31T17:00:00Z,2021-01-31 17:00,3,WW,Y,,RAH,NCZ025,Winter Weather Advisory,Winter Weather,Advisory,/vtec/#2021-O-NEW-KRAH-WW-Y-0003
2021-02-12T09:01:00Z,2021-02-12 09:01,2021-02-14T08:41:00Z,2021-02-14 08:41,5,WW,Y,,RAH,NCZ025,Winter Weather Advisory,Winter Weather,Advisory,/vtec/#2021-O-NEW-KRAH-WW-Y-0005
2021-02-18T05:00:00Z,2021-02-18 05:00,2021-02-18T17:50:00Z,2021-02-18 17:50,4,WS,W,,RAH,NCZ025,Winter Storm Warning,Winter Storm,Warning,/vtec/#2021-O-NEW-KRAH-WS-W-0004
2021-02-18T05:00:00Z,2021-02-18 05:00,2021-02-17T08:13:00Z,2021-02-17 08:13,2,WS,A,,RAH,NCZ025,Winter Storm Watch,Winter Storm,Watch,/vtec/#2021-O-NEW-KRAH-WS-A-0002
2021-02-18T17:50:00Z,2021-02-18 17:50,2021-02-19T12:00:00Z,2021-02-19 12:00,6,WW,Y,,RAH,NCZ025,Winter Weather Advisory,Winter Weather,Advisory,/vtec/#2021-O-NEW-KRAH-WW-Y-0006
2021-03-27T10:39:00Z,2021-03-27 10:39,2021-03-27T14:00:00Z,2021-03-27 14:00,5,FG,Y,,RAH,NCZ025,Dense Fog Advisory,Dense Fog,Advisory,/vtec/#2021-O-NEW-KRAH-FG-Y-0005
2021-03-30T08:00:00Z,2021-03-30 08:00,2021-03-30T12:00:00Z,2021-03-30 12:00,1,FR,Y,,RAH,NCZ025,Frost Advisory,Frost,Advisory,/vtec/#2021-O-NEW-KRAH-FR-Y-0001
2021-04-02T06:00:00Z,2021-04-02 06:00,2021-04-01T07:49:00Z,2021-04-01 07:49,1,FZ,A,,RAH,NCZ025,Freeze Watch,Freeze,Watch,/vtec/#2021-O-NEW-KRAH-FZ-A-0001
2021-04-02T06:00:00Z,2021-04-02 06:00,2021-04-02T13:00:00Z,2021-04-02 13:00,1,FZ,W,,RAH,NCZ025,Freeze Warning,Freeze,Warning,/vtec/#2021-O-NEW-KRAH-FZ-W-0001
2021-04-03T06:00:00Z,2021-04-03 06:00,2021-04-03T13:00:00Z,2021-04-03 13:00,1,HZ,W,,RAH,NCZ025,Hard Freeze Warning,Hard Freeze,Warning,/vtec/#2021-O-NEW-KRAH-HZ-W-0001
2021-04-04T06:00:00Z,2021-04-04 06:00,2021-04-04T13:00:00Z,2021-04-04 13:00,2,FR,Y,,RAH,NCZ025,Frost Advisory,Frost,Advisory,/vtec/#2021-O-NEW-KRAH-FR-Y-0002
2021-04-21T18:00:00Z,2021-04-21 18:00,2021-04-21T07:22:00Z,2021-04-21 07:22,1,FW,A,,RAH,NCZ025,Fire Weather Watch,Red Flag,Watch,/vtec/#2021-O-NEW-KRAH-FW-A-0001
2021-04-21T18:00:00Z,2021-04-21 18:00,2021-04-22T00:00:00Z,2021-04-22 00:00,1,FW,W,,RAH,NCZ025,Red Flag Warning,Red Flag,Warning,/vtec/#2021-O-NEW-KRAH-FW-W-0001
2021-04-22T08:00:00Z,2021-04-22 08:00,2021-04-22T12:00:00Z,2021-04-22 12:00,2,FZ,W,,RAH,NCZ025,Freeze Warning,Freeze,Warning,/vtec/#2021-O-NEW-KRAH-FZ-W-0002
2021-04-23T07:00:00Z,2021-04-23 07:00,2021-04-23T13:00:00Z,2021-04-23 13:00,4,FR,Y,,RAH,NCZ025,Frost Advisory,Frost,Advisory,/vtec/#2021-O-NEW-KRAH-FR-Y-0004
2021-04-30T14:00:00Z,2021-04-30 14:00,2021-04-30T23:00:00Z,2021-04-30 23:00,2,FW,W,,RAH,NCZ025,Red Flag Warning,Red Flag,Warning,/vtec/#2021-O-NEW-KRAH-FW-W-0002
2021-04-30T16:00:00Z,2021-04-30 16:00,2021-04-30T07:25:00Z,2021-04-30 07:25,2,FW,A,,RAH,NCZ025,Fire Weather Watch,Red Flag,Watch,/vtec/#2021-O-NEW-KRAH-FW-A-0002
2021-06-03T18:16:00Z,2021-06-03 18:16,2021-06-04T07:31:00Z,2021-06-04 07:31,2,FF,A,00000,RAH,NCZ025,Flash Flood Watch,Flash Flood,Watch,/vtec/#2021-O-NEW-KRAH-FF-A-0002
2021-07-08T10:00:00Z,2021-07-08 10:00,2021-07-08T22:00:00Z,2021-07-08 22:00,4,FF,A,00000,RAH,NCZ025,Flash Flood Watch,Flash Flood,Watch,/vtec/#2021-O-NEW-KRAH-FF-A-0004
2021-07-30T15:00:00Z,2021-07-30 15:00,2021-07-30T23:00:00Z,2021-07-30 23:00,1,HT,Y,,RAH,NCZ025,Heat Advisory,Heat,Advisory,/vtec/#2021-O-NEW-KRAH-HT-Y-0001
2021-08-08T06:02:00Z,2021-08-08 06:02,2021-08-08T13:00:00Z,2021-08-08 13:00,6,FG,Y,,RAH,NCZ025,Dense Fog Advisory,Dense Fog,Advisory,/vtec/#2021-O-NEW-KRAH-FG-Y-0006
2021-08-11T15:00:00Z,2021-08-11 15:00,2021-08-11T23:00:00Z,2021-08-11 23:00,2,HT,Y,,RAH,NCZ025,Heat Advisory,Heat,Advisory,/vtec/#2021-O-NEW-KRAH-HT-Y-0002
2021-08-12T16:00:00Z,2021-08-12 16:00,2021-08-12T23:00:00Z,2021-08-12 23:00,3,HT,Y,,RAH,NCZ025,Heat Advisory,Heat,Advisory,/vtec/#2021-O-NEW-KRAH-HT-Y-0003
2021-08-13T16:00:00Z,2021-08-13 16:00,2021-08-13T23:00:00Z,2021-08-13 23:00,4,HT,Y,,RAH,NCZ025,Heat Advisory,Heat,Advisory,/vtec/#2021-O-NEW-KRAH-HT-Y-0004
2021-08-14T16:00:00Z,2021-08-14 16:00,2021-08-14T22:00:00Z,2021-08-14 22:00,5,HT,Y,,RAH,NCZ025,Heat Advisory,Heat,Advisory,/vtec/#2021-O-NEW-KRAH-HT-Y-0005
2021-11-05T06:00:00Z,2021-11-05 06:00,2021-11-04T15:11:00Z,2021-11-04 15:11,5,FR,Y,,RAH,NCZ025,Frost Advisory,Frost,Advisory,/vtec/#2021-O-NEW-KRAH-FR-Y-0005
2021-11-05T06:00:00Z,2021-11-05 06:00,2021-11-05T13:23:00Z,2021-11-05 13:23,4,FZ,W,,RAH,NCZ025,Freeze Warning,Freeze,Warning,/vtec/#2021-O-NEW-KRAH-FZ-W-0004
2021-11-05T06:00:00Z,2021-11-05 06:00,2021-11-04T07:13:00Z,2021-11-04 07:13,2,FZ,A,,RAH,NCZ025,Freeze Watch,Freeze,Watch,/vtec/#2021-O-NEW-KRAH-FZ-A-0002
2021-12-18T08:28:00Z,2021-12-18 08:28,2021-12-18T14:56:00Z,2021-12-18 14:56,10,FG,Y,,RAH,NCZ025,Dense Fog Advisory,Dense Fog,Advisory,/vtec/#2021-O-NEW-KRAH-FG-Y-0010
2021-12-25T14:00:00Z,2021-12-25 14:00,2021-12-25T21:00:00Z,2021-12-25 21:00,1,WI,Y,,RAH,NCZ025,Wind Advisory,Wind,Advisory,/vtec/#2021-O-NEW-KRAH-WI-Y-0001
2022-01-03T05:00:00Z,2022-01-03 05:00,2022-01-03T15:00:00Z,2022-01-03 15:00,1,FA,A,00000,RAH,NCZ025,Flood Watch,Flood,Watch,/vtec/#2022-O-NEW-KRAH-FA-A-0001
2022-01-03T09:00:00Z,2022-01-03 09:00,2022-01-03T20:18:00Z,2022-01-03 20:18,1,WI,Y,,RAH,NCZ025,Wind Advisory,Wind,Advisory,/vtec/#2022-O-NEW-KRAH-WI-Y-0001
2022-01-16T05:00:00Z,2022-01-16 05:00,2022-01-17T02:06:00Z,2022-01-17 02:06,1,WS,W,,RAH,NCZ025,Winter Storm Warning,Winter Storm,Warning,/vtec/#2022-O-NEW-KRAH-WS-W-0001
2022-01-16T05:00:00Z,2022-01-16 05:00,2022-01-15T08:43:00Z,2022-01-15 08:43,1,WS,A,,RAH,NCZ025,Winter Storm Watch,Winter Storm,Watch,/vtec/#2022-O-NEW-KRAH-WS-A-0001
2022-01-17T02:06:00Z,2022-01-17 02:06,2022-01-17T14:00:00Z,2022-01-17 14:00,3,WW,Y,,RAH,NCZ025,Winter Weather Advisory,Winter Weather,Advisory,/vtec/#2022-O-NEW-KRAH-WW-Y-0003
2022-01-20T21:00:00Z,2022-01-20 21:00,2022-01-22T09:00:00Z,2022-01-22 09:00,4,WW,Y,,RAH,NCZ025,Winter Weather Advisory,Winter Weather,Advisory,/vtec/#2022-O-NEW-KRAH-WW-Y-0004
2022-01-21T00:00:00Z,2022-01-21 00:00,2022-01-20T09:14:00Z,2022-01-20 09:14,2,WS,A,,RAH,NCZ025,Winter Storm Watch,Winter Storm,Watch,/vtec/#2022-O-NEW-KRAH-WS-A-0002
2022-01-29T02:00:00Z,2022-01-29 02:00,2022-01-29T14:00:00Z,2022-01-29 14:00,5,WW,Y,,RAH,NCZ025,Winter Weather Advisory,Winter Weather,Advisory,/vtec/#2022-O-NEW-KRAH-WW-Y-0005
2022-02-07T09:00:00Z,2022-02-07 09:00,2022-02-07T15:00:00Z,2022-02-07 15:00,6,WW,Y,,RAH,NCZ025,Winter Weather Advisory,Winter Weather,Advisory,/vtec/#2022-O-NEW-KRAH-WW-Y-0006
2022-02-18T03:00:00Z,2022-02-18 03:00,2022-02-18T11:03:00Z,2022-02-18 11:03,2,WI,Y,,RAH,NCZ025,Wind Advisory,Wind,Advisory,/vtec/#2022-O-NEW-KRAH-WI-Y-0002
2022-02-25T12:34:00Z,2022-02-25 12:34,2022-02-25T16:18:00Z,2022-02-25 16:18,2,FG,Y,,RAH,NCZ025,Dense Fog Advisory,Dense Fog,Advisory,/vtec/#2022-O-NEW-KRAH-FG-Y-0002
2022-03-07T15:00:00Z,2022-03-07 15:00,2022-03-07T23:48:00Z,2022-03-07 23:48,3,WI,Y,,RAH,NCZ025,Wind Advisory,Wind,Advisory,/vtec/#2022-O-NEW-KRAH-WI-Y-0003
2022-03-26T14:03:00Z,2022-03-26 14:03,2022-03-27T00:06:00Z,2022-03-27 00:06,1,FW,W,,RAH,NCZ025,Red Flag Warning,Red Flag,Warning,/vtec/#2022-O-NEW-KRAH-FW-W-0001
2022-04-02T07:00:00Z,2022-04-02 07:00,2022-04-02T12:00:00Z,2022-04-02 12:00,1,FR,Y,,RAH,NCZ025,Frost Advisory,Frost,Advisory,/vtec/#2022-O-NEW-KRAH-FR-Y-0001
2022-04-04T07:00:00Z,2022-04-04 07:00,2022-04-04T13:00:00Z,2022-04-04 13:00,2,FR,Y,,RAH,NCZ025,Frost Advisory,Frost,Advisory,/vtec/#2022-O-NEW-KRAH-FR-Y-0002
2022-04-10T07:00:00Z,2022-04-10 07:00,2022-04-10T13:00:00Z,2022-04-10 13:00,4,FR,Y,,RAH,NCZ025,Frost Advisory,Frost,Advisory,/vtec/#2022-O-NEW-KRAH-FR-Y-0004
2022-04-20T06:00:00Z,2022-04-20 06:00,2022-04-20T12:26:00Z,2022-04-20 12:26,5,FR,Y,,RAH,NCZ025,Frost Advisory,Frost,Advisory,/vtec/#2022-O-NEW-KRAH-FR-Y-0005
2022-05-01T09:16:00Z,2022-05-01 09:16,2022-05-01T13:04:00Z,2022-05-01 13:04,4,FG,Y,,RAH,NCZ025,Dense Fog Advisory,Dense Fog,Advisory,/vtec/#2022-O-NEW-KRAH-FG-Y-0004
2022-06-13T16:00:00Z,2022-06-13 16:00,2022-06-14T00:00:00Z,2022-06-14 00:00,1,HT,Y,,RAH,NCZ025,Heat Advisory,Heat,Advisory,/vtec/#2022-O-NEW-KRAH-HT-Y-0001
2022-06-14T16:00:00Z,2022-06-14 16:00,2022-06-14T16:47:00Z,2022-06-14 16:47,1,EH,W,,RAH,NCZ025,Excessive Heat Warning,Excessive Heat,Warning,/vtec/#2022-O-NEW-KRAH-EH-W-0001
2022-06-14T16:00:00Z,2022-06-14 16:00,2022-06-13T19:12:00Z,2022-06-13 19:12,1,EH,A,,RAH,NCZ025,Excessive Heat Watch,Excessive Heat,Watch,/vtec/#2022-O-NEW-KRAH-EH-A-0001
2022-06-14T16:47:00Z,2022-06-14 16:47,2022-06-14T21:10:00Z,2022-06-14 21:10,2,HT,Y,,RAH,NCZ025,Heat Advisory,Heat,Advisory,/vtec/#2022-O-NEW-KRAH-HT-Y-0002
2022-06-30T09:00:00Z,2022-06-30 09:00,2022-06-30T13:00:00Z,2022-06-30 13:00,6,FG,Y,,RAH,NCZ025,Dense Fog Advisory,Dense Fog,Advisory,/vtec/#2022-O-NEW-KRAH-FG-Y-0006
2022-07-06T15:00:00Z,2022-07-06 15:00,2022-07-07T00:00:00Z,2022-07-07 00:00,5,HT,Y,,RAH,NCZ025,Heat Advisory,Heat,Advisory,/vtec/#2022-O-NEW-KRAH-HT-Y-0005
2022-07-07T15:00:00Z,2022-07-07 15:00,2022-07-07T23:00:00Z,2022-07-07 23:00,2,EH,W,,RAH,NCZ025,Excessive Heat Warning,Excessive Heat,Warning,/vtec/#2022-O-NEW-KRAH-EH-W-0002
2022-07-07T15:00:00Z,2022-07-07 15:00,2022-07-07T12:57:00Z,2022-07-07 12:57,6,HT,Y,,RAH,NCZ025,Heat Advisory,Heat,Advisory,/vtec/#2022-O-NEW-KRAH-HT-Y-0006
2022-07-08T15:00:00Z,2022-07-08 15:00,2022-07-08T22:00:00Z,2022-07-08 22:00,7,HT,Y,,RAH,NCZ025,Heat Advisory,Heat,Advisory,/vtec/#2022-O-NEW-KRAH-HT-Y-0007
2022-07-21T16:00:00Z,2022-07-21 16:00,2022-07-21T20:50:00Z,2022-07-21 20:50,8,HT,Y,,RAH,NCZ025,Heat Advisory,Heat,Advisory,/vtec/#2022-O-NEW-KRAH-HT-Y-0008
2022-09-29T15:07:00Z,2022-09-29 15:07,2022-10-01T03:23:00Z,2022-10-01 03:23,1009,TR,W,,RAH,NCZ025,Tropical Storm Warning,Tropical Storm,Warning,/vtec/#2022-O-NEW-KRAH-TR-W-1009
2022-09-30T10:00:00Z,2022-09-30 10:00,2022-10-01T05:51:00Z,2022-10-01 05:51,3,FA,A,00000,RAH,NCZ025,Flood Watch,Flood,Watch,/vtec/#2022-O-NEW-KRAH-FA-A-0003
